encoded,item
0,B002QSTHEE
1,B0045H0L1W
2,B005WXPHJE
3,B0067A40NA
4,B006Z9B01I
5,B007CS43EW
6,B007XRC61Y
7,B008B87ESO
8,B008C9N4BI
9,B008KGFGIC
10,B008KM948O
11,B009RGFWCE
12,B009V1GEXG
13,B009V1GT04
14,B009VGDBGO
15,B009WT3VZQ
16,B00A532DKM
17,B00B76O91C
18,B00BERHXZS
19,B00BEZBZSG
20,B00BNB3A0W
21,B00C3EP1GE
22,B00C3EPJWA
23,B00CA6XNFQ
24,B00CIOUNS0
25,B00CO28798
26,B00CRDOF7M
27,B00CWJ6L00
28,B00D08IGK0
29,B00D8XOQB0
30,B00DLZ0S7G
31,B00DMWQJ58
32,B00DMWQOYY
33,B00E3RCYUK
34,B00E3RD0GC
35,B00E3RD1YS
36,B00E8767X0
37,B00ECOQLTE
38,B00ELZPJ24
39,B00EP6SZWK
40,B00EQQWZNY
41,B00EQQX02E
42,B00EXBSMIE
43,B00F2H35YE
44,B00F2VIUHW
45,B00FG35RU4
46,B00FGIWQ2Q
47,B00G3YUEZ8
48,B00G7MYLA0
49,B00G7OAPYE
50,B00G7OBMO6
51,B00G7OBN22
52,B00GA3LSP2
53,B00GA3WMF2
54,B00GD4JP6W
55,B00GINHGRS
56,B00GMIOX5M
57,B00GOQ3YWA
58,B00GQVC3DY
59,B00GT9E4VM
60,B00GWY1QFQ
61,B00GWY1R4G
62,B00H3A9Q0U
63,B00H7HW73M
64,B00HA1UFXO
65,B00HF4MXFO
66,B00HF4MY94
67,B00HF4MZ34
68,B00HF4N2UO
69,B00HG2XY2Q
70,B00HG32SHC
71,B00HG32TU8
72,B00HH973O8
73,B00HH974KG
74,B00HH975RS
75,B00HH977ZS
76,B00HH979ZQ
77,B00HN1Q8CS
78,B00HPT9XO8
79,B00HPX96Y6
80,B00HQWXBDS
81,B00HQZVF5G
82,B00HRNUP76
83,B00HSMY35G
84,B00IDWP7L4
85,B00IE16LR8
86,B00IOBLTO8
87,B00IYF4CHK
88,B00IYF4QSA
89,B00IZ4I1C2
90,B00IZSWFJ8
91,B00J6U52NK
92,B00J8IRD50
93,B00JA2GE5O
94,B00JDZDA1E
95,B00JE49DEC
96,B00JE49EJG
97,B00JN08C6M
98,B00JN1PN0E
99,B00JN2W0LI
100,B00JULT9ZC
101,B00JULTJJ8
102,B00JUW5SCE
103,B00JXTV5OY
104,B00JZGRKJY
105,B00K3GXNFK
106,B00K3YK1ES
107,B00K3YKYXQ
108,B00K8ZVKB0
109,B00KA3QT8Y
110,B00KA3R3M0
111,B00KA3ROE2
112,B00KA3SRVG
113,B00KA3TUNA
114,B00KA3UV0Q
115,B00KA3V4YS
116,B00KA3VEG6
117,B00KA3VMTU
118,B00KA3VX62
119,B00KA3VXYO
120,B00KA3WMJY
121,B00KAWJ0PE
122,B00KBAP9XW
123,B00KBMDCNO
124,B00KBMDCTI
125,B00KIFXWJS
126,B00KKH1MQY
127,B00KNF0VTW
128,B00KPCCNS0
129,B00KR7R536
130,B00KREOWWG
131,B00KSZQB96
132,B00KSZSTP0
133,B00KT12FGW
134,B00KT13502
135,B00KT13JEO
136,B00KT13MZU
137,B00KVUGKI0
138,B00KW04BHQ
139,B00KW4KR66
140,B00KW4L0J4
141,B00KW4L9XQ
142,B00KW4LIJQ
143,B00KXKXM2K
144,B00LAP7AMU
145,B00LHC2ZNK
146,B00LMU7GHM
147,B00LMU7ZDM
148,B00LMU8VX0
149,B00LMU9LIE
150,B00LMU9NE6
151,B00LMUA6C4
152,B00LMUAFM0
153,B00LMUANAO
154,B00LN0X9O0
155,B00LWIAJ3M
156,B00LX0CTAA
157,B00M1D5B5S
158,B00M1DAUD6
159,B00M1DAX6U
160,B00M1DBY2W
161,B00M1DC9X0
162,B00M1DDEES
163,B00M1DKLAS
164,B00M1DP4G4
165,B00M1DQ27O
166,B00M1DVT5Y
167,B00M1DXFAQ
168,B00M1E0J8Q
169,B00M1E2XJY
170,B00M1E4A7W
171,B00M1E9ESW
172,B00MD99R9G
173,B00MHHAHKM
174,B00MMTYDVE
175,B00MQB04ZC
176,B00MS4XMBA
177,B00MVRDOZ8
178,B00MWGCBQ6
179,B00MYLWFJC
180,B00MYLXAZU
181,B00N5QUVPU
182,B00N9X64RI
183,B00N9X8VHY
184,B00N9XDKMA
185,B00NALN81Y
186,B00NAP5RZU
187,B00NGFJ6CY
188,B00NGFJ746
189,B00NS8YAHU
190,B00O1FZOT2
191,B00O2QAPYO
192,B00OCA59LY
193,B00OCA9ZGY
194,B00OCAA3T2
195,B00OFOX4C8
196,B00OUOJCSI
197,B00OVJU9D4
198,B00OVJU9ES
199,B00OVJU9GG
200,B00OYX7Y9O
201,B00P6F5LYO
202,B00PAZ9KYC
203,B00PDJTTK0
204,B00PFNKE30
205,B00PGLUW10
206,B00PIXVZ44
207,B00PIXYZNW
208,B00PJIPF7Q
209,B00PJIPZGW
210,B00PJIQ5A2
211,B00PJIQNRM
212,B00PJIQPNO
213,B00PJIR7M2
214,B00PJISBAY
215,B00PPC34VU
216,B00PSY79X4
217,B00PXDQDX2
218,B00PXOI2SK
219,B00PXWA884
220,B00Q7TAO5E
221,B00Q8BYTAW
222,B00Q8IKZZS
223,B00QG6UEPI
224,B00QKAH1P6
225,B00QRIXDXU
226,B00QV945H8
227,B00RFHZZ1K
228,B00RGCLYYQ
229,B00RJVUZ6M
230,B00S5OKFO4
231,B00S60V1RW
232,B00S99PCSE
233,B00S9NIXDQ
234,B00S9NMZ3A
235,B00SCX46D4
236,B00SH9BD0W
237,B00SHB4RJ4
238,B00SJK4EQO
239,B00SMNURNM
240,B00ST6IM0M
241,B00SUZAMNW
242,B00SZJIGV8
243,B00T9GVXIY
244,B00T9H1LU8
245,B00TJJDJ06
246,B00TJSRYPI
247,B00TZBTUIS
248,B00U4M2M6O
249,B00UDF11O6
250,B00UN2Z230
251,B00UX68RJW
252,B00V829KIW
253,B00V9G2P7K
254,B00VBA35MS
255,B00VBA6ZAC
256,B00VHR123Y
257,B00VHR5O24
258,B00VHR5ST8
259,B00VK2OFE4
260,B00VNDYH0W
261,B00VNFTLGA
262,B00VNFTMMI
263,B00VT6YFFK
264,B00WDR32E4
265,B00WMBVR16
266,B00X1466G4
267,B00X146CDG
268,B00X146DJE
269,B00X146EMU
270,B00X146JT8
271,B00X146N8U
272,B00X146PC4
273,B00X146PQK
274,B00X146RCW
275,B00X146SX0
276,B00X3T6FEU
277,B00XH4DJ1S
278,B00XN7W85W
279,B00Y2E23NW
280,B00Y8563X6
281,B00Y8D533Y
282,B00Y9UN4UU
283,B00YAFWAAO
284,B00YC4ISA4
285,B00YC4IV1U
286,B00YC4IXSQ
287,B00YDMGZJ6
288,B00YEBN3PU
289,B00YQTPEAC
290,B00Z677GRC
291,B00Z974DZ2
292,B00ZHPVYDU
293,B00ZI926LE
294,B00ZIK4NH8
295,B010D85K5I
296,B010EY20TA
297,B010FCD5D6
298,B010FJC28S
299,B010Q2A2V8
300,B010UNG0Z0
301,B0111GT41C
302,B0122LM6BK
303,B0128CHD2A
304,B012APZPNE
305,B012CGUPPE
306,B013B1BPX0
307,B013G939TU
308,B013GOYODK
309,B014CHJNWC
310,B014F95KL0
311,B014IQAIXA
312,B014IQAMJA
313,B014J8VXTA
314,B014M9AETG
315,B014ZYVEY2
316,B01536RW38
317,B01555EDL6
318,B0156X9NZS
319,B015DU8BOS
320,B015IVOZJM
321,B015J00KWS
322,B01658BQVM
323,B0165AQ70A
324,B01681G9SQ
325,B016HVAO0G
326,B016JYIU34
327,B016JYIUB6
328,B016JYIWRS
329,B016JYIXZE
330,B016QHLYVO
331,B016QLB1JK
332,B0171EXSLK
333,B0171L6MCU
334,B0171REJX8
335,B0171TBZ06
336,B0172SWE06
337,B017L0GQQS
338,B017LJDRKW
339,B017W71YD0
340,B017WOTP98
341,B017X1UYCM
342,B017XAIL7I
343,B018261ZP2
344,B018BBC2W8
345,B018DXKB8G
346,B018I8XPEI
347,B019GGUFAS
348,B019H6C4IS
349,B01B14Y0SG
350,B01B2N0NGE
351,B01BTRIUO0
352,B01C2MHAAG
353,B01C4HFPYW
354,B01COAXSYI
355,B01D689HII
356,B01E0UDR8C
357,B01EL7EEMM
358,B01ELA25JS
359,B01EQTIC1O
360,B01F2Z7WGC
361,B01F76J3LS
362,B01F76JAB6
363,B01F8AIX8C
364,B01FD9PB42
365,B01FD9PF48
366,B01FD9PGVU
367,B01GHEXYY6
368,B01GS06GOE
369,B01GZI9VJ6
370,B01HCXFTOO
371,B01HELMKLY
372,B01IKUNTI6
373,B01JUP0DLQ
374,B01K4WHD9Y
375,B01LPUDWL2
376,B01LWSTGP6
377,B01M3SUS86
378,B01M5DWRO7
379,B01M7Z2WVV
380,B01MSA1QMO
381,B01MU84X0M
382,B01MUDAJ7M
383,B01N13KGF1
384,B01N24YB55
385,B01N3JHORM
386,B01N3OSQQS
387,B01N3YTPTE
388,B01N4QMJIJ
389,B01N7I39T9
390,B06VWKGBYL
391,B06WP67M3R
392,B06XXLDL3L
393,B06ZZQSWX9
394,B0713ZSWMN
395,B0719VTZZK
396,B071JNYS7V
397,B071X3QV17
398,B074QSHR26
399,B07534NGFR
400,B076371MT4
401,B07637RRLN
402,B0769ZQRM2
403,B076BHZNL3
404,B076MNDR64
405,B076MQSYWK
406,B076MYYDLZ
407,B076QD9NP1
408,B0779XMQ4T
409,B077L151RF
410,B0781ZPTKZ
411,B0785NH2YD
412,B0788BMRGN
413,B078PSCHHQ
414,B078PTZQ6H
415,B078X1H8LF
416,B078X1S4DF
417,B078X1SGGQ
418,B078X22LXM
419,B078X22Z1L
420,B078X2374P
421,B078X279B9
422,B078X27PFG
423,B078X296NP
424,B078X2BLWR
425,B078X2HMJ8
426,B078X2N75S
427,B078XCTDHX
428,B0791C7G2Z
429,B0799LLB7D
430,B079GQ79TT
431,B079RMS9ZG
432,B07B9R5YKB
433,B07B9SS2MN
434,B07B9TNKHW
435,B07B9TV9JG
436,B07B9VDWTS
437,B07B9VSLRL
438,B07B9WGR61
439,B07B9X95B8
440,B07B9XBNQ7
441,B07B9XP39Y
442,B07BDCV3QF
443,B07BMTV2HS
444,B07BTBMFGC
445,B07C2GZSPX
446,B07C6N6Q6D
447,B07C7SF3R1
448,B07C8J7MPS
449,B07CQ84KLT
450,B07CQFNWCJ
451,B07CQGCLF1
452,B07CW3GWHR
453,B07CWMVP1R
454,B07CWN734Y
455,B07D15Y88G
456,B07D34L8PY
457,B07D4N9PWC
458,B07D4NS31B
459,B07D4NS9DN
460,B07D4NT8MB
461,B07D4P8TN5
462,B07D4PJZLV
463,B07D4PM1XL
464,B07D4PTF32
465,B07D4PWMXB
466,B07D4Q1PTV
467,B07D4Q3WC6
468,B07D4Q65L4
469,B07D6LQCKP
470,B07DC2T8DF
471,B07DGV74GB
472,B07DGW6RJS
473,B07DGW7Y45
474,B07DKV2Y8J
475,B07DLM8R3J
476,B07DYT1FML
477,B07FFMX8N7
478,B07FL5BGR3
479,B07FP1Y1LY
480,B07FSG95BK
481,B07FT3C2NR
482,B07FT5NZ9G
483,B07FTG8P4K
484,B07FVNZQ8P
485,B07G278S4N
486,B07G281DGS
487,B07G29Y2M4
488,B07G2CHB19
489,B07G2CL4GP
490,B07G57LNC9
491,B07G5FGKZ7
492,B07G5RPJJG
493,B07G5TSVVP
494,B07G7QR446
495,B07G8C61G7
496,B07G8XP59N
497,B07G9TNWSN
498,B07G9WMJ5C
499,B07G9XXR12
500,B07G9Y5D9N
501,B07GB8XWYY
502,B07GBGPHQJ
503,B07GCXSQ3G
504,B07GCXWC64
505,B07GCZ8MZS
506,B07GH1C119
507,B07GKLQ5KV
508,B07GLN9KWS
509,B07GLW4RLN
510,B07GPN24VD
511,B07GPNN9JB
512,B07GPQTH35
513,B07GPR52LC
514,B07GPSD1V2
515,B07GPSKK2X
516,B07GPT7DFV
517,B07GPTBNPR
518,B07GPTHY4K
519,B07GPV1ZQ5
520,B07GPV5YVP
521,B07GPVFNL2
522,B07GPWCLW6
523,B07GPXFT9T
524,B07GPXZWCQ
525,B07GQL3NXL
526,B07GQLF2WG
527,B07GS2F96F
528,B07GSDC16Y
529,B07GT2QQ79
530,B07GWVP8NS
531,B07GYFLS3C
532,B07GYQDR56
533,B07GYQGQ94
534,B07H1BGYDX
535,B07H1BKYPT
536,B07H358LGG
537,B07H358S55
538,B07H35NGMY
539,B07H35X6RR
540,B07H37V7PQ
541,B07H5HC7YV
542,B07H5J765Q
543,B07H5JS85Q
544,B07H5KCYS8
545,B07H6X8Y3H
546,B07H7GPZ3T
547,B07H92B5RV
548,B07H92L7YV
549,B07H92ZCQ9
550,B07H936YHX
551,B07H93PRFG
552,B07H93QKFS
553,B07HF81ZNL
554,B07HF8JRKH
555,B07HG1RY1M
556,B07HJV92RB
557,B07HK6CXCR
558,B07HK88JTN
559,B07HKFRHZZ
560,B07HKR2SCR
561,B07HKRBX4N
562,B07HKSBNCF
563,B07HKVLTLT
564,B07HMP77WN
565,B07HMPNN4Z
566,B07HMYN4NB
567,B07HP4J4KR
568,B07HP4TT7Y
569,B07HP51X8X
570,B07HP58X1S
571,B07HP5BJ7X
572,B07HP5N9MB
573,B07HP5NVTV
574,B07HP6CD63
575,B07HP6VZD8
576,B07HRGG6DK
577,B07HSWTSPT
578,B07J1DN6QK
579,B07J1K12ND
580,B07J1P17GG
581,B07J1QQV6K
582,B07J4S7137
583,B07J4VY1YQ
584,B07J4Y1K48
585,B07J53PFLV
586,B07J54TYVG
587,B07J6BSSKP
588,B07JNQX4B6
589,B07JNQZ1CX
590,B07JQ632LL
591,B07JQ6CN3H
592,B07JVB48H8
593,B07K38FJLY
594,B07K46LDB9
595,B07K8T9L2B
596,B07K9QF14B
597,B07K9ZYZZL
598,B07KJVV13M
599,B07KJW4B9M
600,B07L3PY4Y4
601,B07L3QC65X
602,B07L3QT46T
603,B07L93YM95
604,B07L9P26HQ
605,B07LDTTMVN
606,B07M68R8MF
607,B07MB551RP
608,B07MBSRV67
609,B07MBX5LDV
610,B07MBXY9V8
611,B07MBZ9C3V
612,B07MC83Y1J
613,B07MCJVVL4
614,B07MCLW2TJ
615,B07MDD1JJK
616,B07MFL8LHR
617,B07MFPGBGV
618,B07MG5781S
619,B07MJ3DT9K
620,B07MQ4RHVT
621,B07MQJ6P1J
622,B07MQJP5XX
623,B07MQK7ZJV
624,B07MSLPRPH
625,B07MSPZ4H6
626,B07MXH6B6N
627,B07MZSWD66
628,B07N1GVV6P
629,B07N31MHR8
630,B07N31TR8V
631,B07N31WHS7
632,B07N325331
633,B07N325487
634,B07N32CT56
635,B07N32GBNH
636,B07N32TN2C
637,B07NKVMK4M
638,B07NNY7PCK
639,B07NP9NRK5
640,B07NX5RHZ2
641,B07NY72H7W
642,B07P28X94M
643,B07P5P5X9D
644,B07P7RKCQ8
645,B07P7RKK6H
646,B07P8WDDJK
647,B07P91Z4FD
648,B07P9THG5J
649,B07PDK83D6
650,B07PFYCJ9N
651,B07PGZHV94
652,B07PJ2DJRD
653,B07PJS4FW4
654,B07PM1MG6Q
655,B07PM25W3X
656,B07PM2F9CT
657,B07PM2X7Y6
658,B07PMPNTC7
659,B07PMPSMZX
660,B07PMQB629
661,B07PMQJ85D
662,B07PMQLVFS
663,B07PMQLX42
664,B07PMQP53J
665,B07PMQPB8F
666,B07PMQQ8N2
667,B07PMQVNK2
668,B07PMRGPMM
669,B07PNMV1KP
670,B07PNN6CC6
671,B07PNNX5VD
672,B07PNP9ZKJ
673,B07PNPCKPZ
674,B07PPDT676
675,B07PPFJLZP
676,B07PPZFNNZ
677,B07PQDMGC9
678,B07PQHRG4L
679,B07PQW4JJD
680,B07PR3SKYQ
681,B07PT983SS
682,B07PVQ6PSD
683,B07PW3YVZ7
684,B07PW6TG2L
685,B07PWKYYVQ
686,B07PX3576M
687,B07PX95JSK
688,B07PXB1N6F
689,B07PZBVJMG
690,B07PZZJYD9
691,B07Q1Z9ZTL
692,B07Q28JQ8J
693,B07Q2LGJWR
694,B07Q362N2D
695,B07Q48PDZ7
696,B07Q5SVMVL
697,B07Q6CQ2LL
698,B07Q6Y7CQY
699,B07QCRWJQ3
700,B07QDXWKC9
701,B07QDXXM95
702,B07QDXXS6M
703,B07QF8BX5C
704,B07QF8CBGM
705,B07QG1WSBC
706,B07QG1X72M
707,B07QH5RHS4
708,B07QH5SHRT
709,B07QJB4MTS
710,B07QJB53PG
711,B07QK5Z1HW
712,B07QK7KTBC
713,B07QK81HT2
714,B07QK8STYN
715,B07QKBB5FC
716,B07QKQR7HK
717,B07QKVGZ6V
718,B07QKWZGST
719,B07QL4XFP2
720,B07QL87878
721,B07QLCCZS3
722,B07QMCRD8D
723,B07QMQJ8SD
724,B07QMXT8MK
725,B07QN1YY9V
726,B07QNNV7DG
727,B07QPRCLKN
728,B07QQ1TR5H
729,B07QSCVBXN
730,B07QTH6D5S
731,B07QTJRGN1
732,B07QVQ3HKV
733,B07QVWMRYR
734,B07QVX12QS
735,B07QWPXBJS
736,B07QXB9SWH
737,B07QXPV14D
738,B07QXZ8VZ3
739,B07QYDFYFF
740,B07QYDGT3H
741,B07QYDT6NP
742,B07QYQLWNY
743,B07R18KYLY
744,B07R21KF1H
745,B07R225QBQ
746,B07R2PPGCC
747,B07R4M1S33
748,B07R5115N2
749,B07R66Q611
750,B07R6L27HG
751,B07R6M77S1
752,B07R7W81CH
753,B07RB24X99
754,B07RBKPWMT
755,B07RBNX2RB
756,B07RCK1T7P
757,B07RDF8X4B
758,B07RG61TKJ
759,B07RG8ZXX5
760,B07RGSBR4N
761,B07RGSBXJB
762,B07RHWGR7J
763,B07RJMB8TW
764,B07RJRZVQ1
765,B07RJVN84X
766,B07RK68BM2
767,B07RMTDBHZ
768,B07RMVBDQX
769,B07RNW7559
770,B07RT6T96R
771,B07RV4GGTG
772,B07RVCXDVF
773,B07RWDYY2L
774,B07RWMK5QB
775,B07RX6PN4Y
776,B07RX6QMB4
777,B07RX7MSJD
778,B07RXVHKFR
779,B07RY78LB5
780,B07RY8JD5L
781,B07RZ6C6Z2
782,B07RZTR235
783,B07S18BTJL
784,B07S2HF77M
785,B07S4H6VRP
786,B07S5KLXRB
787,B07S5LCNJM
788,B07S6BFL63
789,B07S6LDKNR
790,B07S6N1VR4
791,B07S73W3J8
792,B07S7DQ6ZK
793,B07S7P8FK1
794,B07S7SN7CZ
795,B07S7SYRLZ
796,B07S7T7M6Q
797,B07S82X4KK
798,B07S8S43J7
799,B07S9BJCZS
800,B07S9FB7Y6
801,B07S9V7XPJ
802,B07S9ZDMN2
803,B07SBMTVJ5
804,B07SBTB8BK
805,B07SBY9LBR
806,B07SC2V3W5
807,B07SD39ZX3
808,B07SDDLMCP
809,B07SDNNRBK
810,B07SFM565Z
811,B07SG2WR16
812,B07SG3TTRR
813,B07SGBY9L7
814,B07SGC9NSV
815,B07SGCGPZN
816,B07SGCNG7N
817,B07SGQW1CP
818,B07SH71LBY
819,B07SHCKVFW
820,B07SHD4FBP
821,B07SHDFP8X
822,B07SHDT62V
823,B07SHT3D7W
824,B07SHT3LW6
825,B07SHWJWZS
826,B07SHWYSTJ
827,B07SJ47VH6
828,B07SJ4FB4R
829,B07SJ4JM8R
830,B07SJQKYZD
831,B07SJW82F6
832,B07SJX6T7K
833,B07SJX8MBK
834,B07SKFSQZL
835,B07SKSWZMN
836,B07SKSX25T
837,B07SKVSBTT
838,B07SKVT334
839,B07SKYP5GB
840,B07SKZ5P56
841,B07SKZKT5L
842,B07SKZXGT3
843,B07SL11TTN
844,B07SLWTMWN
845,B07SLY5Z71
846,B07SLYV1TL
847,B07SM36JDB
848,B07SM3TV6L
849,B07SMF5WTX
850,B07SMNSZQ1
851,B07SN27NK5
852,B07SN6MT3M
853,B07SN86BBS
854,B07SN8LD1K
855,B07SN8MXK5
856,B07SN8MXK6
857,B07SNQ7Y7N
858,B07SNTNQSZ
859,B07SP87YXF
860,B07SP9J4SX
861,B07SP9NWPD
862,B07SPPFTF8
863,B07SQQ3JZ6
864,B07SR4TTPH
865,B07SRWWN5P
866,B07SSWY7LL
867,B07SSZZ3LN
868,B07SVD69Z1
869,B07SY7956W
870,B07SYHFL76
871,B07SYZDXD8
872,B07SZ4WV3R
873,B07SZ56S1C
874,B07SZ573JZ
875,B07SZ59QND
876,B07SZ5NJTT
877,B07SZ5WMW3
878,B07SZ61GGL
879,B07SZ6PT8X
880,B07SZTM21Z
881,B07T18DY9V
882,B07T1WMT55
883,B07T21LD7N
884,B07T28HZBX
885,B07T293GMX
886,B07T2CF764
887,B07T2WT468
888,B07T3B1J8M
889,B07T3C8K3K
890,B07T3F4QFZ
891,B07T3YGVF6
892,B07T496D19
893,B07T4FGQ5F
894,B07T4FLDRQ
895,B07T4FLRLZ
896,B07T5339JS
897,B07T5JRK2F
898,B07T5JYGKW
899,B07T5JZ39Y
900,B07T5JZQQW
901,B07T5K4CG4
902,B07T62K81W
903,B07T6KS4HX
904,B07T6LP72Z
905,B07T6LPZYH
906,B07T8LFWC4
907,B07T8LTT16
908,B07T8YGNJB
909,B07T9GW34L
910,B07TBN1SLR
911,B07TBQNNSK
912,B07TBZQ5XX
913,B07TC12Y9S
914,B07TC14ZLQ
915,B07TC1K5W8
916,B07TCWXQD4
917,B07TCX1ZTY
918,B07TCXMHGZ
919,B07TD1Z2PP
920,B07TFHHVRS
921,B07TFJPZKL
922,B07TG1L18R
923,B07TG1XV95
924,B07TJ452ZT
925,B07TJRD4QB
926,B07TJRRVGL
927,B07TLXCDLX
928,B07TM2N47Z
929,B07TM2N62N
930,B07TNDHGSD
931,B07TQ574TD
932,B07TRQHFK9
933,B07TSFZ2FL
934,B07TTNGK59
935,B07TVKNPW4
936,B07TVQWGNJ
937,B07TWS6BTY
938,B07TXW9GH5
939,B07TXYN6WR
940,B07TY546LF
941,B07TYCBYZ3
942,B07TYZ3LXC
943,B07TZM731R
944,B07V1L9FC7
945,B07V1LPX33
946,B07V1N1PFX
947,B07V2264DW
948,B07V2279SL
949,B07V23WPY9
950,B07V28RVXC
951,B07V28SNLC
952,B07V2942VT
953,B07V2CL7D2
954,B07V2CYVXM
955,B07V2DJD5G
956,B07V2FJ1XL
957,B07V2RNQTV
958,B07V2YVJCM
959,B07V33R6GP
960,B07V36YN59
961,B07V37Q4YS
962,B07V3CFDTN
963,B07V3CGL8B
964,B07V3DYQL1
965,B07V3F55TY
966,B07V3F56BZ
967,B07V3N88PV
968,B07V3PDJ5F
969,B07V3PF8MB
970,B07V4CNNHV
971,B07V4F3RFW
972,B07V4HJDFW
973,B07V4J4FVK
974,B07V4JRWF3
975,B07V58S82V
976,B07V5HT2N1
977,B07V5HVR3K
978,B07V5HVTP6
979,B07V5J2TCN
980,B07V5M3SJC
981,B07V5R8XKR
982,B07V5S4WPT
983,B07V5S4Z93
984,B07V6C9SGT
985,B07V6D57KV
986,B07V6DGVBD
987,B07V6FW8DL
988,B07V6FZYTP
989,B07V6GP4RM
990,B07V6GZ3D9
991,B07V6KCMC3
992,B07V6KDVM7
993,B07V6KVGY2
994,B07V6PK9XY
995,B07V6RG5XD
996,B07V6SV71C
997,B07V6TTP51
998,B07V7K9B5D
999,B07V8MZNLY
1000,B07VB4JDGY
1001,B07VB7BZJS
1002,B07VBQP9VY
1003,B07VC7DWGN
1004,B07VCMDM2B
1005,B07VCR2X3R
1006,B07VCWCPDJ
1007,B07VCX9G2D
1008,B07VDCS9FW
1009,B07VDM9SVV
1010,B07VDSCBSB
1011,B07VFQBH2P
1012,B07VFYZWPT
1013,B07VFZ37XW
1014,B07VGQFZB7
1015,B07VGQKMKY
1016,B07VH2QNW8
1017,B07VH2ZD7V
1018,B07VH3L2TX
1019,B07VHXTW2H
1020,B07VJ2K3X2
1021,B07VJ4GGJ5
1022,B07VJMH7J1
1023,B07VJMZDYD
1024,B07VK9T2XD
1025,B07VL841G8
1026,B07VLY4JWY
1027,B07VNGGMMN
1028,B07VNL93PJ
1029,B07VNXG84R
1030,B07VP8SSPG
1031,B07VPK7C1K
1032,B07VPNCD2X
1033,B07VPYHLWL
1034,B07VQHJCNP
1035,B07VQMDM98
1036,B07VQN38HC
1037,B07VR151G2
1038,B07VR17RWN
1039,B07VR1Q9QQ
1040,B07VVJS8RF
1041,B07VVNHD8Z
1042,B07VWQ18X9
1043,B07VWV3MXJ
1044,B07VXNVZRT
1045,B07W1KHP15
1046,B07W3TPZRH
1047,B07W417V43
1048,B07W462YW7
1049,B07W4MB91C
1050,B07W4WQF33
1051,B07W4WRJ92
1052,B07W54GV4V
1053,B07W5MCJSP
1054,B07W71NCF7
1055,B07W729TV5
1056,B07W77WY5H
1057,B07W7B5SRQ
1058,B07W7B7LTF
1059,B07W7JQM28
1060,B07W7PFFVC
1061,B07W7Z8PVC
1062,B07W85LPRX
1063,B07W8FK4CX
1064,B07W8N1S91
1065,B07W8WPCX9
1066,B07W93PJCL
1067,B07W93Q51S
1068,B07W98R954
1069,B07W98RPYG
1070,B07W98V72N
1071,B07W98W8YB
1072,B07W98YTK7
1073,B07W98ZCJS
1074,B07W9JVX9Q
1075,B07W9JWQYW
1076,B07WBVXSMY
1077,B07WBWW7Z3
1078,B07WC319ZB
1079,B07WC9FM4Z
1080,B07WCBLFYN
1081,B07WCC4TG2
1082,B07WCC5VHG
1083,B07WCC7TM5
1084,B07WCPRKB2
1085,B07WD28H2J
1086,B07WDC9Q7G
1087,B07WDCJ6Q9
1088,B07WDSRHJ9
1089,B07WDVHL61
1090,B07WF5XP8D
1091,B07WF5Y468
1092,B07WF5Y5R9
1093,B07WF5YVLG
1094,B07WF5ZJLY
1095,B07WFH3ZRL
1096,B07WFH7NZZ
1097,B07WFXH8ZQ
1098,B07WFXHXK8
1099,B07WGPBB1X
1100,B07WGSQBGC
1101,B07WGX4L99
1102,B07WHD7365
1103,B07WJG9LGM
1104,B07WKDVGTW
1105,B07WKFRP28
1106,B07WLK4FTS
1107,B07WLL13CV
1108,B07WLL9CMY
1109,B07WLNDKT4
1110,B07WLTMYD2
1111,B07WM1QBZN
1112,B07WMRZTMX
1113,B07WMZTDWG
1114,B07WN136V1
1115,B07WN15PT4
1116,B07WN1C8HW
1117,B07WNK5HF8
1118,B07WNLV1YL
1119,B07WNLX3CT
1120,B07WNMS8R8
1121,B07WNNLLFB
1122,B07WP6ZYPX
1123,B07WPBJVT9
1124,B07WPBN382
1125,B07WPT9C6P
1126,B07WPW2KV8
1127,B07WR13NLT
1128,B07WR1HTQ3
1129,B07WRCB3LH
1130,B07WRDRVVJ
1131,B07WRF3BCB
1132,B07WRFYR1M
1133,B07WRLJX55
1134,B07WRV6L2F
1135,B07WRXQ5G5
1136,B07WRXVDBY
1137,B07WRZ61W6
1138,B07WS9JMC4
1139,B07WSHJMBS
1140,B07WSJQXHM
1141,B07WSLJ2MF
1142,B07WSLW1G6
1143,B07WT1H2J6
1144,B07WT1X1ZY
1145,B07WT4TH7R
1146,B07WTMFHS2
1147,B07WTMHBX2
1148,B07WTZPNT4
1149,B07WV3VC6Y
1150,B07WV3ZMWN
1151,B07WVPYGF3
1152,B07WWSQMPZ
1153,B07WWV48DC
1154,B07WX6TKCP
1155,B07WX6V7B6
1156,B07WXG79BG
1157,B07WY5GBTB
1158,B07WZDMKCC
1159,B07WZGHJPB
1160,B07WZGJJHK
1161,B07WZGJWHM
1162,B07WZJJMMF
1163,B07WZWBTCW
1164,B07X1L8JSP
1165,B07X1L8SQ4
1166,B07X1SN577
1167,B07X1V55NW
1168,B07X1WLM7Q
1169,B07X2L1X34
1170,B07X2WD9LY
1171,B07X3DJLP9
1172,B07X3DMY7Z
1173,B07X3HZ18H
1174,B07X3M1562
1175,B07X3PGFXS
1176,B07X3T3JGM
1177,B07X45NR7D
1178,B07X46XZDW
1179,B07X4HRQ6W
1180,B07X4HZ6PV
1181,B07X53SHN8
1182,B07X53WHWS
1183,B07X5CHRMK
1184,B07X5K44F3
1185,B07X676KN9
1186,B07X7JZ4CW
1187,B07X8SDFC5
1188,B07X9QP7D2
1189,B07X9W3S8K
1190,B07XB68QLP
1191,B07XBSTRRM
1192,B07XCCCGZV
1193,B07XCMV62N
1194,B07XCZYQP2
1195,B07XDQPMZQ
1196,B07XDTGGBH
1197,B07XF2VG91
1198,B07XG64YLT
1199,B07XGB77CS
1200,B07XGH1XS2
1201,B07XGJNZLP
1202,B07XH47VTC
1203,B07XHHWJ57
1204,B07XHR8P55
1205,B07XJSB193
1206,B07XKTNN7F
1207,B07XLGKWLT
1208,B07XNSN9V5
1209,B07XNVN25W
1210,B07XPMYTYN
1211,B07XQ2CQ6L
1212,B07XWB8FW5
1213,B07XX15LNL
1214,B07XX3GCYY
1215,B07XX8QGHD
1216,B07XX9K341
1217,B07XXQJXRP
1218,B07XXY4LVJ
1219,B07Y1JLS3V
1220,B07Y1TD3SN
1221,B07Y2QLHP7
1222,B07Y317LZY
1223,B07Y5J2MTL
1224,B07Y9HK361
1225,B07YBFB43G
1226,B07YBG8JCW
1227,B07YBWJVRC
1228,B07YBWRJK7
1229,B07YCJ79QV
1230,B07YCJBG66
1231,B07YD452F4
1232,B07YD4NV49
1233,B07YD5KPRT
1234,B07YDBS9J2
1235,B07YFVWJDS
1236,B07YHCFCK3
1237,B07YHL2WJP
1238,B07YHMZPKL
1239,B07YJFNF9V
1240,B07YJFZ29G
1241,B07YJGTPNZ
1242,B07YJH2QMT
1243,B07YJH6C83
1244,B07YJH7TZQ
1245,B07YJHTM3Q
1246,B07YJKLQVY
1247,B07YLLH785
1248,B07YLQTSXS
1249,B07YNMVKS2
1250,B07YNW4D99
1251,B07YNW5BVD
1252,B07YS48MNG
1253,B07YSP6S8D
1254,B07YSS1WD4
1255,B07YSS8835
1256,B07YSSFM3G
1257,B07YSSGV7H
1258,B07YTGZ7YF
1259,B07YTPP39K
1260,B07YV7XMN4
1261,B07YVJ44HX
1262,B07YVJHF49
1263,B07YVJKZX6
1264,B07YY1S8TY
1265,B07YYVJGSS
1266,B07Z2N2YNZ
1267,B07Z36RG1B
1268,B07Z39YWBC
1269,B07Z3F68RL
1270,B07Z4T1F13
1271,B07Z54N5BK
1272,B07Z5K6XYQ
1273,B07Z5LL13Z
1274,B07Z773BB9
1275,B07Z93YLYP
1276,B07Z94NHJC
1277,B07Z9ZLD45
1278,B07Z9ZTRD5
1279,B07Z9ZYMC9
1280,B07ZC8Y9XT
1281,B07ZFDSPYS
1282,B07ZGHMRLM
1283,B07ZGN3SZS
1284,B07ZGNVP6S
1285,B07ZJ66QJ4
1286,B07ZJDYYX8
1287,B07ZK52MM3
1288,B07ZK59QTV
1289,B07ZKV5YZK
1290,B07ZKWX7C8
1291,B07ZKWYX6F
1292,B07ZNVQH1L
1293,B07ZNWMJRP
1294,B07ZQ8JJJN
1295,B07ZQ8YMJT
1296,B07ZQH253R
1297,B07ZRT3J87
1298,B07ZRV7T1G
1299,B07ZSJ7CPT
1300,B07ZV65DRX
1301,B07ZV6BYJC
1302,B07ZV6HL37
1303,B07ZV99HY1
1304,B07ZVBNGV2
1305,B07ZVNZCNN
1306,B07ZVSDS82
1307,B07ZWZ2595
1308,B07ZWZD1ML
1309,B07ZWZWLBK
1310,B07ZX1J33V
1311,B07ZX1T7HH
1312,B07ZX1XLZR
1313,B07ZYC3ZLP
1314,B07ZYSDJWV
1315,B08129QSD3
1316,B0812YC9MW
1317,B08132H977
1318,B0813B8CFQ
1319,B0813JVC96
1320,B0813JY5C6
1321,B0813KL8T6
1322,B081457LWK
1323,B08146WMSB
1324,B08147L1MJ
1325,B08148KX8C
1326,B0814TMPJH
1327,B0817XHS4M
1328,B0818BGXD5
1329,B081993WH2
1330,B081BCGBN1
1331,B081C47BBG
1332,B081C92H6V
1333,B081CCGJTS
1334,B081CD3RKW
1335,B081DQ5MTY
1336,B081G91WLX
1337,B081HBQG6V
1338,B081JQS1XV
1339,B081KWDS58
1340,B081RCSSZT
1341,B081RW9RHM
1342,B081RWW3TG
1343,B081SFP467
1344,B081SPV1TW
1345,B081SQ6Y91
1346,B081TVK8S5
1347,B081V8WF4R
1348,B081VB2693
1349,B081VC9V7K
1350,B081VM5WH7
1351,B081VNCL7J
1352,B081VY69MJ
1353,B081ZDLRWH
1354,B081ZF69PQ
1355,B081ZGB6XX
1356,B08225BB8R
1357,B082363DFL
1358,B0824FM1FV
1359,B0824VGJ5G
1360,B0825R6VZV
1361,B082836NMS
1362,B08283KSKQ
1363,B08284BCTG
1364,B0828BVNKY
1365,B0828CPHYC
1366,B0829V6K5Y
1367,B082CGSJW3
1368,B082D92QXD
1369,B082D965WL
1370,B082F66JPM
1371,B082F6F48Z
1372,B082G46632
1373,B082KB5ZGL
1374,B082KJC6KJ
1375,B082LVB945
1376,B082S73QP6
1377,B082V1KTLQ
1378,B082VBMJST
1379,B082VC6Q77
1380,B082WXJWX7
1381,B082XSPTVV
1382,B082XV9KT4
1383,B082XVPYG4
1384,B082Y22376
1385,B082ZYT7MY
1386,B0831KCHJ4
1387,B083364P67
1388,B0834QDMXL
1389,B0834S533C
1390,B083579N1C
1391,B0836TTK2K
1392,B0837K9NR2
1393,B08391MJ9X
1394,B08391SYMC
1395,B0839CDR3V
1396,B0839CTQ4D
1397,B083BC1PGL
1398,B083BQ9XQP
1399,B083CQPRJ3
1400,B083CS9WRY
1401,B083CT6ZZ2
1402,B083CW5WRX
1403,B083CYDHJ5
1404,B083CZSGM3
1405,B083DDXFQ4
1406,B083DJ7MTB
1407,B083F4Z9L9
1408,B083F5LQ6C
1409,B083F5SMH2
1410,B083FJXQGQ
1411,B083FPXBBL
1412,B083K4F2H7
1413,B083LNNKX4
1414,B083M6N7BX
1415,B083M6ZFLD
1416,B083NYJHZK
1417,B083P1B6WG
1418,B083P3ZLNS
1419,B083PTZ1B8
1420,B083QVZQQZ
1421,B083SBFVCQ
1422,B083SGK6V5
1423,B083TWTH3B
1424,B083WG1TBJ
1425,B083Z5D8PB
1426,B0841TY4D8
1427,B0841VGWMM
1428,B0844KDS2Q
1429,B0844NK8YG
1430,B0844Y4VT9
1431,B0844YMHVX
1432,B0849TXH29
1433,B084JCS38C
1434,B084JHCJ4Y
1435,B084JQVCCB
1436,B084MH1TZ8
1437,B084P6GYD6
1438,B084Q5CF27
1439,B084QDYB7R
1440,B084QHZRMP
1441,B084QN3DZT
1442,B084RDNG3B
1443,B084RG6M6T
1444,B084RR9N7B
1445,B084RYPGXN
1446,B084V5GS6Y
1447,B084VMMN8N
1448,B0851B9J69
1449,B0854PPXMD
1450,B0855K2FRG
1451,B0855NL77P
1452,B0855R98M2
1453,B0856TH4LK
1454,B0856TMZ5W
1455,B0856XKWPW
1456,B0856ZJ6KF
1457,B0856ZYN57
1458,B08571DYLX
1459,B085BNPD62
1460,B085L7R8VK
1461,B085RJFKHR
1462,B085TJLDXY
1463,B085VW8H3Q
1464,B085ZXY1L4
1465,B085ZZ6G2W
1466,B0861C6S8M
1467,B0863NXN9H
1468,B0865HR8MX
1469,B0865JNMVP
1470,B0865Q1324
1471,B0865QKWR6
1472,B0865RJSZF
1473,B0865S8W3F
1474,B0865T8ZZ2
1475,B0865W78ST
1476,B0865ZR6B9
1477,B0865ZWR8L
1478,B086617KD9
1479,B0866DMX83
1480,B0866FBN2C
1481,B0866FFL26
1482,B0866FPHSC
1483,B0866GG9D4
1484,B0868FGQQZ
1485,B086G9S3Q3
1486,B086GTZT8Q
1487,B086HJ4654
1488,B086ML7X7V
1489,B086T2B9LL
1490,B086VWV5VH
1491,B086X5QK4M
1492,B086YBNDNF
1493,B0871C2SJJ
1494,B087BYHN4S
1495,B087BYQQ6L
1496,B087D6D8CS
1497,B087DKM7Q5
1498,B087JQN3QF
1499,B087M8ZPVY
1500,B087PVL6J6
1501,B087R5LJ29
1502,B087TJ3JS8
1503,B087WVTH2Y
1504,B0881JKHV3
1505,B0881PN3H9
1506,B0881T7Q1L
1507,B0881T8HYY
1508,B0882SBTBB
1509,B0883B4HYF
1510,B0886B2NJ3
1511,B0886CTK6D
1512,B088BFQFWB
1513,B088CRXF2H
1514,B088D6F23L
1515,B088F6572D
1516,B088FDPR86
1517,B088FGYGT6
1518,B088J4B4PY
1519,B088PMYH78
1520,B088XFC7Q2
1521,B088Z77W39
1522,B0892Q764V
1523,B0895MYY5K
1524,B0895N1PXN
1525,B0895NZGLW
1526,B0895QX443
1527,B0895THVCT
1528,B0897834JW
1529,B089KH3B4X
1530,B089LPH9ZM
1531,B089MBFDJQ
1532,B089N368QX
1533,B089N58CNT
1534,B089N9JDJZ
1535,B089P2DJNT
1536,B089P35XLG
1537,B089PW2H7P
1538,B089SSQ1X8
1539,B089SSZJTN
1540,B089ST233T
1541,B089ST34VM
1542,B089ST59X3
1543,B089ST93YC
1544,B089ST9JWM
1545,B089ST9P9G
1546,B089STLVBC
1547,B089STN595
1548,B089STN9H3
1549,B089STN9TB
1550,B089STRCTY
1551,B089VKQ9H6
1552,B089W4J2FB
1553,B089ZRW3TT
1554,B08B113B4T
1555,B08B1576FB
1556,B08B16H6PV
1557,B08B1BJ2XV
1558,B08B1BJD5F
1559,B08B1CKTYB
1560,B08B39DJ1T
1561,B08B3NQTKY
1562,B08B3RJD48
1563,B08B3TG76P
1564,B08B3Y8HQV
1565,B08B3YYJR1
1566,B08B4H19J4
1567,B08B631QG3
1568,B08B7N5HVB
1569,B08B7NCWRF
1570,B08B7P746L
1571,B08B7XY8YT
1572,B08B7ZGYQ7
1573,B08BBYKKP8
1574,B08BF8V8NX
1575,B08BFBQ7Q5
1576,B08BFQ7ZH8
1577,B08BFVV4JY
1578,B08BFVY7W2
1579,B08BHMM64V
1580,B08BLHC173
1581,B08BLJZM7N
1582,B08BRF2V2Z
1583,B08BTGX797
1584,B08BTP4HJR
1585,B08BXH9VD9
1586,B08BYKLLLV
1587,B08BZKQ542
1588,B08BZL8XGP
1589,B08C4PJ5MM
1590,B08C4YDV1F
1591,B08C792C33
1592,B08C7BDY5H
1593,B08C7C98MM
1594,B08C7X8VX7
1595,B08C7Y2TMJ
1596,B08C9KK439
1597,B08CC1V7K4
1598,B08CDNC2XS
1599,B08CH9Z8BJ
1600,B08CJ9DJYJ
1601,B08CJ9F4WS
1602,B08CJCR73W
1603,B08CJDC7F8
1604,B08CJJTJCB
1605,B08CJM469R
1606,B08CK972VR
1607,B08CKSD1FB
1608,B08CKXRJGV
1609,B08CMKSHH4
1610,B08CMWLB1B
1611,B08CTWHBHM
1612,B08CTWQZ89
1613,B08CVFJZBS
1614,B08CVGMSLL
1615,B08CVHX71W
1616,B08CVSCWWS
1617,B08CXFHDR3
1618,B08CXRFQF3
1619,B08CY1SC4G
1620,B08CZ3P1H7
1621,B08CZR97RM
1622,B08D32YBV8
1623,B08DH7YK4F
1624,B08DHGZLBL
1625,B08DHL1DLM
1626,B08DJ6YV41
1627,B08DJ75JR5
1628,B08DK7B3SR
1629,B08DKJV2XZ
1630,B08DKRVQ5G
1631,B08DNCCHLK
1632,B08DNQCZWN
1633,B08DNQJJ91
1634,B08DNRGHCS
1635,B08DRCMCBM
1636,B08DTVWK7N
1637,B08DXT7B5V
1638,B08DY4Y4FW
1639,B08DY8KCJR
1640,B08F1V3KB9
1641,B08F2SDSM6
1642,B08F2THYLN
1643,B08F2VNZKL
1644,B08F3TZKCC
1645,B08F5K3858
1646,B08F5P1BMJ
1647,B08F6746QN
1648,B08F6CDLL1
1649,B08F71NFZN
1650,B08F7GB7W4
1651,B08F7P8XCM
1652,B08F7PGNDB
1653,B08F7PZFJK
1654,B08FB47NC1
1655,B08FCGKF3G
1656,B08FDKZBKZ
1657,B08FSQ1RDR
1658,B08FSVXT9N
1659,B08FT78B7N
1660,B08FWGXNNK
1661,B08FX5MQZY
1662,B08FYG5NB8
1663,B08FYNZY16
1664,B08FYPCRGK
1665,B08G1K43Q5
1666,B08G1VCLK4
1667,B08G47PHC6
1668,B08G4BLN3Q
1669,B08G4D81WY
1670,B08G4FH2XW
1671,B08G4R826M
1672,B08G81W9FP
1673,B08G8JQN6W
1674,B08G91LVLD
1675,B08GBBRH2Y
1676,B08GH7WBZR
1677,B08GKQM2NW
1678,B08GP6Q2NS
1679,B08GPP3NQX
1680,B08GPZL157
1681,B08GQ48H7T
1682,B08GS431Y7
1683,B08GWYFFX7
1684,B08GYCJGJJ
1685,B08H1Q974Z
1686,B08H1RTDD9
1687,B08H5KQ3VJ
1688,B08H5XRV7Q
1689,B08H7YP7ZW
1690,B08H7Z4JMK
1691,B08H87Q6JQ
1692,B08H88D9TH
1693,B08H8BW2FS
1694,B08HGSQH1C
1695,B08HKT3KJJ
1696,B08HL1KJ1Q
1697,B08HLS2V8T
1698,B08HLX7S5P
1699,B08HLYJDS1
1700,B08HMN3BVQ
1701,B08HMNSP2T
1702,B08HMPQQVT
1703,B08HQGDQW3
1704,B08HQMWGZP
1705,B08HRSD1QM
1706,B08HRWKD53
1707,B08HVFK262
1708,B08HVYJL12
1709,B08HW1WQ11
1710,B08J2FPWDN
1711,B08J2X2V22
1712,B08J75TW7C
1713,B08JC34FXZ
1714,B08JC8LQCW
1715,B08JC8WKDP
1716,B08JCC3G92
1717,B08JCCX817
1718,B08JCDQRLQ
1719,B08JCDSPPB
1720,B08JCMZZFP
1721,B08JCSSBTC
1722,B08JCT8PN5
1723,B08JD4LDZB
1724,B08JFZVZ8G
1725,B08JG7QXSY
1726,B08JHC28BQ
1727,B08JKKG11F
1728,B08JKN19KZ
1729,B08JLWFP6Q
1730,B08JLXTBWR
1731,B08JPVRMFL
1732,B08JQSMDLF
1733,B08JSGY6W8
1734,B08JTFX5DP
1735,B08JTJWSQL
1736,B08JTPPVMQ
1737,B08JTWTLT2
1738,B08JTYHK71
1739,B08JYT9TLW
1740,B08JYXWHNY
1741,B08JZ39Q11
1742,B08K2J2WW5
1743,B08K2L2VPZ
1744,B08K73BDCB
1745,B08KRT463Q
1746,B08KS4CH32
1747,B08KS7G2QL
1748,B08KT1THFK
1749,B08KVP2G8T
1750,B08KWG1FX9
1751,B08KXZ631X
1752,B08L3BQYHF
1753,B08L3HXBM3
1754,B08L3RY6Q7
1755,B08L4F94VK
1756,B08L4J9D6M
1757,B08L4VV7LH
1758,B08L8PL8RB
1759,B08L8SBF7L
1760,B08L995NF9
1761,B08L9VXN3C
1762,B08LB34S52
1763,B08LB4RTRJ
1764,B08LB7VV6S
1765,B08LK4NCX7
1766,B08LN1WR7P
1767,B08LR6CL87
1768,B08LRZMS48
1769,B08LTBM2K5
1770,B08LTXJ2Y4
1771,B08LYSFRKC
1772,B08M5TSXHG
1773,B08M62942M
1774,B08M66L6D9
1775,B08MBQ65HD
1776,B08MPWWBRD
1777,B08MVQCYH1
1778,B08MXP4MNW
1779,B08N1K3B39
1780,B08N4G48QR
1781,B08N5Y5RM6
1782,B08NCL63TV
1783,B08NF7ZXHJ
1784,B08NG237B1
1785,B08NHSPPDY
1786,B08NWM7R2F
1787,B08NX6R571
1788,B08NYN2TV2
1789,B08NYNWVZH
1790,B08NYPHSXQ
1791,B08P3GG72B
1792,B08P4F1V9M
1793,B08P5PDB9C
1794,B08PCX24LS
1795,B08PFNN322
1796,B08PKK4G9W
1797,B08PNQM812
1798,B08PVRFDGF
1799,B08PVRQD5Y
1800,B08PVT5KGV
1801,B08PYWSQXV
1802,B08Q7GM3Y4
1803,B08QJPLXSZ
1804,B08QYKZ3YT
1805,B08QYVWXJJ
1806,B08QZ1PB8D
1807,B08QZ2FFFR
1808,B08R6BKFPD
1809,B08RDS6QYL
1810,B08RJZZTPM
1811,B08RNKP4XD
1812,B08RNNM34M
1813,B08RNQSKY2
1814,B08RY271D8
1815,B08S3PT2P9
1816,B08S3V1TX5
1817,B08S75MMVW
1818,B08SBV6KBP
1819,B08SG7KHBX
1820,B08SHMRR1N
1821,B08SHRJG6F
1822,B08SK1QM7W
1823,B08SQ3GXL9
1824,B08SZQ7H79
1825,B08T5L4691
1826,B08T6HBG5C
1827,B08T8LWJ3J
1828,B08TL3QT8J
1829,B08TMTCPS3
1830,B08TQGSVTW
1831,B08TQQ7Q2H
1832,B08TTGPDNF
1833,B08TTJ61L7
1834,B08VDB3VMS
1835,B08VDLTZTK
1836,B08VDQVHNF
1837,B08WPDG7G2
1838,B08WPH9Q7T
1839,B08WPMFJ91
1840,B08WPNWZK8
1841,B08WPPBGY5
1842,B08WPQW3PC
1843,B08WPY8855
1844,B08WPY9RNH
1845,B08WWPRNTB
1846,B08WWQRGGK
1847,B08WWR2R26
1848,B08WWS4Q9G
1849,B08WWTR1YF
1850,B08WWV4Z7G
1851,B08WX6PHF3
1852,B08WX7XNBR
1853,B08WYS7GC4
1854,B08X1QNFZN
1855,B08X4PXRZT
1856,B08X667SZS
1857,B08XBLNMHV
1858,B08XQKGJ14
1859,B08XQLG37R
1860,B08XWXBJKL
1861,B08XWZ37HH
1862,B08XZYLB66
1863,B08Y8BHMWB
1864,B08Y8HG2GC
1865,B08Y8MBB27
1866,B08YJDF86R
1867,B08YK1W17D
1868,B08YNKLYRH
1869,B08YQT1CGY
1870,B08ZJDFN3L
1871,B08ZM6P8ZZ
1872,B08ZM7XKCD
1873,B08ZMHQ8KQ
1874,B08ZMJNFQ3
1875,B08ZMJS9Q6
1876,B08ZMJZ5MM
1877,B08ZMK3YHR
1878,B08ZMKD7M2
1879,B09129Y74Y
1880,B0912FBCSL
1881,B0919NJ1KM
1882,B091CGTQ3S
1883,B091FC9SGZ
1884,B091K1NJQ4
1885,B091K283FH
1886,B091Q53W5N
1887,B0922KT4FV
1888,B0924HWV5P
1889,B0924VW6MS
1890,B092PNM6C5
1891,B092QWW9XT
1892,B092RFR3LJ
1893,B092RWN4WR
1894,B092VQBJ3S
1895,B0936DRT5C
1896,B093C3CFRV
1897,B093CC2JL4
1898,B093F9FKWZ
1899,B093F9RT8F
1900,B093FKXPBG
1901,B093GHJLHR
1902,B093H2RLQT
1903,B093H323B3
1904,B093KTXPPB
1905,B093KY28J9
1906,B093KZCWJS
1907,B093N77Q8C
1908,B093SWW57P
1909,B093SXBHRM
1910,B0948N9JJZ
1911,B094FXXB3S
1912,B094JV4VSJ
1913,B094NVVPD5
1914,B094ZS5HDR
1915,B09567CLR4
1916,B095BJG8HP
1917,B095M69N4V
1918,B09637N4HV
1919,B0964PXGCS
1920,B0965PLS58
1921,B09688QCVH
1922,B096N3QZXH
1923,B096YMN9TV
1924,B096YRFLLX
1925,B09764F8VW
1926,B097BMDMKB
1927,B097C8CVV5
1928,B097HKHWL7
1929,B097JRCFC6
1930,B097RFTKJP
1931,B097STSJPD
1932,B097TJMW1J
1933,B0989WJBN2
1934,B098N9NKG1
1935,B098PX4C99
1936,B098S2VQVW
1937,B098X8S62N
1938,B0991V9WBV
1939,B09925PBB9
1940,B0994T7938
1941,B09957YH5D
1942,B099PF829P
1943,B09B3MT7BN
1944,B09BFWLF3Z
1945,B09BQTY99W
1946,B09BS59T88
1947,B09BVG5MFJ
1948,B09CFY6DCK
1949,B09CGSB7W2
1950,B09CNMX4SJ
1951,B09CPD8LYH
1952,B09CYJDVTS
1953,B09D2JL8TM
1954,B09D32DSF8
1955,B09DBLWV4X
1956,B09DCM6H8H
1957,B09DMYXZJ8
1958,B09DS6F2P6
1959,B09F6KMCR5
1960,B09FG4FVF1
1961,B09FG9KLZY
1962,B09FQ19RFQ
1963,B09G2NNGL7
1964,B09GF7JTBD
1965,B09GJKYBQ9
1966,B09GXTB4WY
1967,B09H3FX3RR
1968,B09HBSZTZY
1969,B09J169F8M
1970,B09J49D2WV
1971,B09J4L4ZRG
1972,B09JCJLZ7S
1973,B09JNSP9F5
1974,B09JS5H99R
1975,B09K4XG235
1976,B09K59G53T
1977,B09K6BKX85
1978,B09KC7WLNP
1979,B09KHSM7BB
1980,B09KLWR2WD
1981,B09KT12NGT
1982,B09L84JVJN
1983,B09M2R8DWF
1984,B09M6X79V9
1985,B09M8CD654
1986,B09MJTRDCW
1987,B09MM1LVTW
1988,B09N3GHB9P
1989,B09NHWG539
1990,B09NKHCRNY
1991,B09NNB63J9
1992,B09NPSNRF5
1993,B09PDDLCXD
1994,B09PJTFZTN
1995,B09PNHNSD6
1996,B09PYGZCM5
1997,B09QSZL94L
1998,B09S8ZGQTS
1999,B09T6YNG9N
2000,B09TBK1LXZ
2001,B09THG5D2P
2002,B09TXZHKLG
2003,B09W45V8R1
2004,B09WB1Z5CR
2005,B09WL4GSH9
2006,B09WMQFDX8
2007,B09XX6QNRV
2008,B09Z94PZJX
2009,B09ZPZWNMW
2010,B0B28KXB7M
2011,B0B2KL8C8Q
2012,B0B2N3JTHZ
2013,B0B3JT9TVT
2014,B0B4HB28GC
2015,B0B4J5CBR9
2016,B0B5Y67C7G
2017,B0B65GTHLC
2018,B0B68L6V1X
2019,B0B6BD5GZF
2020,B0B6RDLTGC
2021,B0B7QQZJKV
2022,B0B7RNDJMT
2023,B0B8N9W388
2024,B0B9HW5ZHT
2025,B0BBL127X4
2026,B0BBR7PSRS
2027,B0BCKC8HXN
2028,B0BDDF7CF9
2029,B0BDRJYLR7
2030,B0BF4LVF5X
2031,B0BFKH4JMV
2032,B0BFXLRNTJ
2033,B0BG1FFW7W
2034,B0BGTMXDL8
2035,B0BHL5Q81N
2036,B0BHSN7LD7
2037,B0BHXTYRTD
2038,B0BKFX6MX6
2039,B0BKR299HS
2040,B0BL68ZJGR
2041,B0BLHZ8TS3
2042,B0BLNGF3NR
2043,B0BLRWB2DJ
2044,B0BM645RSX
2045,B0BMLFBB14
2046,B0BNX6YZ4S
2047,B0BQPPQJN5
2048,B0BSFMWGP8
2049,B0BT14XDBZ
2050,B0BT8FMTXJ
2051,B0BV26FHW5
2052,B0BW8J8M16
2053,B0BWSXK74Y
2054,B0C16NGZ5V
2055,B0C1H4ZJ11
2056,B0C23SWC1R
2057,B0C23WKVRP
2058,B0C3BTSG8W
2059,B0C3K4V2FF
2060,B0C49869HP
2061,B0C5L6DL4Z
2062,B0C7MDD8V7
2063,B0C8VM4WJH
2064,B0CD9T9JGC
